MAE,R2
0.08588283111248166,0.3295184095106094
