ACC,AUC
0.5666666666666667,0.6523915461624026
